{"cameraMode":{"drawMode":0,"name":"Shaded","section":"Shading Mode"},"sceneLighting":true,"audioPlay":false,"sceneViewState":{"m_AlwaysRefresh":false,"showFog":true,"showSkybox":true,"showFlares":true,"showImageEffects":true,"showParticleSystems":true,"showVisualEffectGraphs":true,"m_FxEnabled":true},"in2DMode":false,"pivot":{"x":-1.949211597442627,"y":-8.362905502319336,"z":-26.122207641601564},"rotation":{"x":0.0059702349826693539,"y":-0.9859585762023926,"z":0.16297000646591187,"w":0.03610699623823166},"size":23.045944213867189,"orthographic":false}